#tag,sec
DA,0.270903
_sync.DA,0.00156069
_sync.forecast,0.0138927
_sync.output,0.00147247
forecast,0.536356
output,0.978193
