#tag,sec
DA,0.270958
_sync.DA,0.00148106
_sync.forecast,0.0235326
_sync.output,0.00539827
forecast,0.526728
output,0.974272
